{"ping_ms": 437.9620911403574, "datarate": 27846489.33811318, "jitter": 292.7261639620476, "Latitude": 52.50557643165501, "Longitude": 13.325298069987841, "Altitude": 36.51240320180726, "speed_kmh": 17.941126353727906, "COG": 178.78771874592903, "precipIntensity": 0.07529855291154632, "precipProbability": 0.0704412914151722, "temperature": 19.8890965738851, "apparentTemperature": 19.8890965738851, "dewPoint": 13.389215771418646, "humidity": 0.6643635199096792, "pressure": 1016.6103565070126, "windSpeed": 2.662278865777932, "cloudCover": 0.9440109210126364, "uvIndex": 3.1456207390681317, "visibility": 16.092999999999993, "Traffic_Jam_Factor": 3.163132351696324, "Traffic_Distance": 22.64652832469562, "Pos_in_Ref_Round": 8178.3002437701725, "measurement": 6.6337728945589545, "PCell_RSRP_1": -88.76538517884882, "PCell_RSRP_2": -88.8668881797089, "PCell_RSRP_max": -87.82195648641708, "PCell_RSRQ_1": -11.198080540185298, "PCell_RSRQ_2": -11.064906069673926, "PCell_RSRQ_max": -10.528967161980663, "PCell_RSSI_1": -57.55751624312267, "PCell_RSSI_2": -57.79409264894976, "PCell_RSSI_max": -57.79409264894976, "PCell_SNR_1": 10.978212269696215, "PCell_SNR_2": 11.577674451081144, "PCell_E-ARFCN": 1410.8473014789802, "PCell_Downlink_Num_RBs": 21070.75880217142, "PCell_Downlink_TB_Size": 1592693.445554859, "PCell_Downlink_RBs_MCS_0": 121.73664590227759, "PCell_Downlink_RBs_MCS_1": 70.90880136816537, "PCell_Downlink_RBs_MCS_2": 326.13825058705135, "PCell_Downlink_RBs_MCS_3": 295.0231645944346, "PCell_Downlink_RBs_MCS_4": 633.7397848630243, "PCell_Downlink_RBs_MCS_5": 788.8704548374662, "PCell_Downlink_RBs_MCS_6": 1159.901264367816, "PCell_Downlink_RBs_MCS_7": 1187.9745311762433, "PCell_Downlink_RBs_MCS_8": 1330.2834630862387, "PCell_Downlink_RBs_MCS_9": 871.7295027578484, "PCell_Downlink_RBs_MCS_10": 1962.1682227126125, "PCell_Downlink_RBs_MCS_11": 1684.8779539705065, "PCell_Downlink_RBs_MCS_12": 1970.0610994009319, "PCell_Downlink_RBs_MCS_13": 2083.492382677929, "PCell_Downlink_RBs_MCS_14": 2194.497660074878, "PCell_Downlink_RBs_MCS_15": 2275.3745980707395, "PCell_Downlink_RBs_MCS_16": 1239.3697607354957, "PCell_Downlink_RBs_MCS_17": 2997.099431544465, "PCell_Downlink_RBs_MCS_18": 2508.618330846003, "PCell_Downlink_RBs_MCS_19": 2611.122997036216, "PCell_Downlink_RBs_MCS_20": 2644.4007976702965, "PCell_Downlink_RBs_MCS_21": 2562.8303730504617, "PCell_Downlink_RBs_MCS_22": 2691.9445311562013, "PCell_Downlink_RBs_MCS_23": 2761.194587073906, "PCell_Downlink_RBs_MCS_24": 3062.53533737189, "PCell_Downlink_RBs_MCS_25": 3259.61302495717, "PCell_Downlink_RBs_MCS_26": 3757.9904311736223, "PCell_Downlink_RBs_MCS_27": 4907.634884198986, "PCell_Downlink_RBs_MCS_28": 7803.380878741017, "PCell_Downlink_RBs_MCS_29": 571.5681866700824, "PCell_Downlink_RBs_MCS_30": 987.577919896062, "PCell_Downlink_RBs_MCS_31": 1817.9367758851986, "PCell_Downlink_Average_MCS": 14.518467706645536, "PCell_Uplink_Num_RBs": 17799.79525378408, "PCell_Uplink_TB_Size": 1015429.93752089, "PCell_Uplink_Tx_Power_(dBm)": 53.38521514613734, "PCell_Cell_ID": 266.3041584346957, "PCell_Downlink_frequency": 1400.9640213277476, "PCell_Uplink_frequency": 19400.96402132775, "PCell_Cell_Identity": 29087444.638094787, "PCell_TAC": 1493.455464045131, "PCell_Band_Indicator": 3.2259646283116328, "PCell_MCC": 262.0, "PCell_MNC_Digit": 2.0, "PCell_MNC": 1.0, "PCell_Allowed_Access": 0.0, "PCell_freq_MHz": 1834.5895447753292, "SCell_RSRP_1": -91.52954095330125, "SCell_RSRP_2": -90.2594493587314, "SCell_RSRP_max": -89.46099871088256, "SCell_RSRQ_1": -11.473034041510594, "SCell_RSRQ_2": -11.34032383372411, "SCell_RSRQ_max": -10.743414207063735, "SCell_RSSI_1": -59.999178279802706, "SCell_RSSI_2": -58.846342309900194, "SCell_RSSI_max": -58.846342309900194, "SCell_SNR_1": 11.798057459464472, "SCell_SNR_2": 12.080632364043808, "SCell_E-ARFCN": 2993.932206512228, "SCell_Downlink_Num_RBs": 70487.13693302353, "SCell_Downlink_TB_Size": 5497526.166936054, "SCell_Downlink_RBs_MCS_0": 3155.71045392022, "SCell_Downlink_RBs_MCS_1": 2981.6529562982005, "SCell_Downlink_RBs_MCS_2": 4420.854285714286, "SCell_Downlink_RBs_MCS_3": 4343.559974747474, "SCell_Downlink_RBs_MCS_4": 3961.2972027972028, "SCell_Downlink_RBs_MCS_5": 4332.657697121402, "SCell_Downlink_RBs_MCS_6": 5191.287277701778, "SCell_Downlink_RBs_MCS_7": 6383.746789309268, "SCell_Downlink_RBs_MCS_8": 7086.7797729073145, "SCell_Downlink_RBs_MCS_9": 7793.594111349036, "SCell_Downlink_RBs_MCS_10": 19.0, "SCell_Downlink_RBs_MCS_11": 7777.871797168966, "SCell_Downlink_RBs_MCS_12": 8676.374078531668, "SCell_Downlink_RBs_MCS_13": 8310.94464309363, "SCell_Downlink_RBs_MCS_14": 8460.703287890938, "SCell_Downlink_RBs_MCS_15": 8470.792352224253, "SCell_Downlink_RBs_MCS_16": 9759.707291959188, "SCell_Downlink_RBs_MCS_17": 16.05263157894737, "SCell_Downlink_RBs_MCS_18": 10166.117509986685, "SCell_Downlink_RBs_MCS_19": 9563.092105263158, "SCell_Downlink_RBs_MCS_20": 9713.733698433822, "SCell_Downlink_RBs_MCS_21": 9354.774729563956, "SCell_Downlink_RBs_MCS_22": 10466.525290586282, "SCell_Downlink_RBs_MCS_23": 9706.258542640187, "SCell_Downlink_RBs_MCS_24": 9041.658337626654, "SCell_Downlink_RBs_MCS_25": 8393.688891222175, "SCell_Downlink_RBs_MCS_26": 8981.127019637086, "SCell_Downlink_RBs_MCS_27": 12962.66262437811, "SCell_Downlink_RBs_MCS_28": 23187.74598130841, "SCell_Downlink_RBs_MCS_29": 1769.3104276790004, "SCell_Downlink_RBs_MCS_30": 2339.7592654986524, "SCell_Downlink_RBs_MCS_31": 3662.1697872340424, "SCell_Downlink_Average_MCS": 18.734367107788664, "SCell_Cell_ID": 295.82691828082136, "SCell_Downlink_frequency": 2588.968326544185, "SCell_Uplink_frequency": 20588.968326544185, "SCell_Cell_Identity": 29557255.96475185, "SCell_TAC": 1493.8769640036578, "SCell_Band_Indicator": 5.94621331781528, "SCell_MCC": 262.0, "SCell_MNC_Digit": 2.0, "SCell_MNC": 1.0, "SCell_Allowed_Access": 0.0, "SCell_freq_MHz": 2574.687974945885, "target_datarate": 141049537.0121997, "operator": 1.0}