{"ping_ms": 817.4657187568581, "datarate": 35982669.13222163, "jitter": 48275.78205207893, "Latitude": 0.008258537790389812, "Longitude": 0.027798371752308853, "Altitude": 9.234461705533167, "speed_kmh": 17.131824216326745, "COG": 92.5279885024656, "precipIntensity": 0.07133086526411245, "precipProbability": 0.09831529710219143, "temperature": 1.7129592688796411, "apparentTemperature": 1.7129592688796411, "dewPoint": 0.8169919949088732, "humidity": 0.05127689235140791, "pressure": 2.8753082050410033, "windSpeed": 0.685918458721068, "cloudCover": 0.06460868350788508, "uvIndex": 0.8193809574353002, "visibility": 7.105465925739056e-15, "Traffic_Jam_Factor": 2.016729508356441, "Traffic_Distance": 46.6919655873196, "Pos_in_Ref_Round": 4919.985555989914, "measurement": 4.613983822916878, "PCell_RSRP_1": 10.47215622352514, "PCell_RSRP_2": 10.420538523056031, "PCell_RSRP_max": 10.544738758347565, "PCell_RSRQ_1": 3.290151644729151, "PCell_RSRQ_2": 3.213561241047733, "PCell_RSRQ_max": 3.182449159854838, "PCell_RSSI_1": 9.621166204500314, "PCell_RSSI_2": 9.728228415638657, "PCell_RSSI_max": 9.728228415638657, "PCell_SNR_1": 7.285313340349233, "PCell_SNR_2": 7.106504041494628, "PCell_E-ARFCN": 441.96352282052095, "PCell_Downlink_Num_RBs": 33509.37071363815, "PCell_Downlink_TB_Size": 2982822.0871377597, "PCell_Downlink_RBs_MCS_0": 1075.2049937982908, "PCell_Downlink_RBs_MCS_1": 502.13118521702773, "PCell_Downlink_RBs_MCS_2": 1711.9209099329414, "PCell_Downlink_RBs_MCS_3": 1368.9613850937392, "PCell_Downlink_RBs_MCS_4": 2231.6152054122617, "PCell_Downlink_RBs_MCS_5": 2642.693014625135, "PCell_Downlink_RBs_MCS_6": 3157.0966803989863, "PCell_Downlink_RBs_MCS_7": 3310.2118821732365, "PCell_Downlink_RBs_MCS_8": 3497.8580237466904, "PCell_Downlink_RBs_MCS_9": 3005.8947150086574, "PCell_Downlink_RBs_MCS_10": 3522.754282072962, "PCell_Downlink_RBs_MCS_11": 3818.928674488125, "PCell_Downlink_RBs_MCS_12": 4443.101270201393, "PCell_Downlink_RBs_MCS_13": 4581.886162289163, "PCell_Downlink_RBs_MCS_14": 4722.4731358224135, "PCell_Downlink_RBs_MCS_15": 4736.622281054163, "PCell_Downlink_RBs_MCS_16": 3681.741588221327, "PCell_Downlink_RBs_MCS_17": 5023.433620976278, "PCell_Downlink_RBs_MCS_18": 5061.089080689846, "PCell_Downlink_RBs_MCS_19": 5210.556867743199, "PCell_Downlink_RBs_MCS_20": 5210.638833359472, "PCell_Downlink_RBs_MCS_21": 4794.364450815213, "PCell_Downlink_RBs_MCS_22": 5037.650185289164, "PCell_Downlink_RBs_MCS_23": 5103.678836978562, "PCell_Downlink_RBs_MCS_24": 5933.592948102699, "PCell_Downlink_RBs_MCS_25": 5972.534290702069, "PCell_Downlink_RBs_MCS_26": 6397.022858545474, "PCell_Downlink_RBs_MCS_27": 8668.40026910374, "PCell_Downlink_RBs_MCS_28": 19551.66683371633, "PCell_Downlink_RBs_MCS_29": 1383.113746363714, "PCell_Downlink_RBs_MCS_30": 1805.0473628088148, "PCell_Downlink_RBs_MCS_31": 2666.4817721719974, "PCell_Downlink_Average_MCS": 7.6360863162244605, "PCell_Uplink_Num_RBs": 30879.986499311108, "PCell_Uplink_TB_Size": 1864857.2057650706, "PCell_Uplink_Tx_Power_(dBm)": 47.335697738435634, "PCell_Cell_ID": 135.5468828057042, "PCell_Downlink_frequency": 424.60976277065885, "PCell_Uplink_frequency": 424.6097627706588, "PCell_Cell_Identity": 4066258.914687368, "PCell_TAC": 1.0842605468885236, "PCell_Band_Indicator": 0.945081747517214, "PCell_MCC": 0.0, "PCell_MNC_Digit": 0.0, "PCell_MNC": 0.0, "PCell_Allowed_Access": 0.0, "PCell_freq_MHz": 196.61189655371527, "SCell_RSRP_1": 9.522952157367826, "SCell_RSRP_2": 9.446866698417335, "SCell_RSRP_max": 9.526670313337036, "SCell_RSRQ_1": 2.219051011731472, "SCell_RSRQ_2": 2.230915972369024, "SCell_RSRQ_max": 2.0980713214654023, "SCell_RSSI_1": 8.968232645021619, "SCell_RSSI_2": 8.927722276562822, "SCell_RSSI_max": 8.927722276562822, "SCell_SNR_1": 7.0053781119585325, "SCell_SNR_2": 6.912095979132631, "SCell_E-ARFCN": 310.0863359617505, "SCell_Downlink_Num_RBs": 24927.8723644045, "SCell_Downlink_TB_Size": 3561766.6958799884, "SCell_Downlink_RBs_MCS_0": 7744.683489976727, "SCell_Downlink_RBs_MCS_1": 4245.7011294109225, "SCell_Downlink_RBs_MCS_2": 6185.468996702331, "SCell_Downlink_RBs_MCS_3": 6970.461941244483, "SCell_Downlink_RBs_MCS_4": 5207.867568755273, "SCell_Downlink_RBs_MCS_5": 5484.951379865344, "SCell_Downlink_RBs_MCS_6": 6121.671575325434, "SCell_Downlink_RBs_MCS_7": 7040.608816091592, "SCell_Downlink_RBs_MCS_8": 7832.12090354099, "SCell_Downlink_RBs_MCS_9": 8512.061614389037, "SCell_Downlink_RBs_MCS_10": 16.59819267269783, "SCell_Downlink_RBs_MCS_11": 8069.6315478973975, "SCell_Downlink_RBs_MCS_12": 9138.171883077657, "SCell_Downlink_RBs_MCS_13": 8453.054502233492, "SCell_Downlink_RBs_MCS_14": 8979.166763368457, "SCell_Downlink_RBs_MCS_15": 8854.837404575776, "SCell_Downlink_RBs_MCS_16": 10434.536002066494, "SCell_Downlink_RBs_MCS_17": 15.766364074537533, "SCell_Downlink_RBs_MCS_18": 10356.172148813712, "SCell_Downlink_RBs_MCS_19": 10093.898241286615, "SCell_Downlink_RBs_MCS_20": 10355.659982928153, "SCell_Downlink_RBs_MCS_21": 9879.909039859484, "SCell_Downlink_RBs_MCS_22": 10806.304246432524, "SCell_Downlink_RBs_MCS_23": 9763.288138814209, "SCell_Downlink_RBs_MCS_24": 9476.582545354813, "SCell_Downlink_RBs_MCS_25": 8854.172072328292, "SCell_Downlink_RBs_MCS_26": 9537.692536123364, "SCell_Downlink_RBs_MCS_27": 13565.54318837359, "SCell_Downlink_RBs_MCS_28": 30557.817975126287, "SCell_Downlink_RBs_MCS_29": 2224.1053458377705, "SCell_Downlink_RBs_MCS_30": 2032.2398197316109, "SCell_Downlink_RBs_MCS_31": 2678.644408786854, "SCell_Downlink_Average_MCS": 5.083482670474279, "SCell_Cell_ID": 107.05733277619223, "SCell_Downlink_frequency": 770.9115582259008, "SCell_Uplink_frequency": 770.9115582259008, "SCell_Cell_Identity": 3597303.544348127, "SCell_TAC": 0.9278918396900673, "SCell_Band_Indicator": 1.762083561659202, "SCell_MCC": 0.0, "SCell_MNC_Digit": 0.0, "SCell_MNC": 0.0, "SCell_Allowed_Access": 0.0, "SCell_freq_MHz": 139.7980750855867, "target_datarate": 151892587.65272263, "operator": 0.0}